{
    "ALL-en-disagree_flag-kendalltau": 0.1652556898396141,
    "ALL-en-disagree_flag-pearson": 0.21690002499908545,
    "ALL-en-disagree_flag-spearman": 0.20167891558835846,
    "ALL-en-disagree_flag-mean": 0.19461154347568602,
    "iiyi-en-disagree_flag-kendalltau": 0.24707744754871278,
    "iiyi-en-disagree_flag-pearson": 0.3025711186015949,
    "iiyi-en-disagree_flag-spearman": 0.3014634635022559,
    "iiyi-en-disagree_flag-mean": 0.28370400988418787,
    "woundcare-en-disagree_flag-kendalltau": 0.08628220868578795,
    "woundcare-en-disagree_flag-pearson": 0.09084939682986858,
    "woundcare-en-disagree_flag-spearman": 0.10500195740575428,
    "woundcare-en-disagree_flag-mean": 0.09404452097380361,
    "ALL-en-completeness-kendalltau": 0.21682946477660106,
    "ALL-en-completeness-pearson": 0.3157532018262933,
    "ALL-en-completeness-spearman": 0.2634246761938209,
    "ALL-en-completeness-mean": 0.26533578093223836,
    "iiyi-en-completeness-kendalltau": 0.09642742634737343,
    "iiyi-en-completeness-pearson": 0.18894392448816888,
    "iiyi-en-completeness-spearman": 0.1237433443998273,
    "iiyi-en-completeness-mean": 0.13637156507845655,
    "woundcare-en-completeness-kendalltau": 0.055716905747500226,
    "woundcare-en-completeness-pearson": 0.14632284839226273,
    "woundcare-en-completeness-spearman": 0.06540192034497576,
    "woundcare-en-completeness-mean": 0.08914722482824623,
    "ALL-en-factual-accuracy-kendalltau": 0.2594612623288156,
    "ALL-en-factual-accuracy-pearson": 0.3648710160098257,
    "ALL-en-factual-accuracy-spearman": 0.32437080640441934,
    "ALL-en-factual-accuracy-mean": 0.3162343615810202,
    "iiyi-en-factual-accuracy-kendalltau": 0.2813183424977774,
    "iiyi-en-factual-accuracy-pearson": 0.3710380446400743,
    "iiyi-en-factual-accuracy-spearman": 0.35728112139875146,
    "iiyi-en-factual-accuracy-mean": 0.33654583617886774,
    "woundcare-en-factual-accuracy-kendalltau": 0.11566741621046411,
    "woundcare-en-factual-accuracy-pearson": 0.17383664682748542,
    "woundcare-en-factual-accuracy-spearman": 0.1421211480354169,
    "woundcare-en-factual-accuracy-mean": 0.1438750703577888,
    "ALL-en-relevance-kendalltau": 0.3237418317401714,
    "ALL-en-relevance-pearson": 0.44495132247987795,
    "ALL-en-relevance-spearman": 0.3862872811914693,
    "ALL-en-relevance-mean": 0.38499347847050625,
    "iiyi-en-relevance-kendalltau": 0.24812027420516206,
    "iiyi-en-relevance-pearson": 0.34817557248007935,
    "iiyi-en-relevance-spearman": 0.3114242450661283,
    "iiyi-en-relevance-mean": 0.30257336391712325,
    "woundcare-en-relevance-kendalltau": 0.13137661825677083,
    "woundcare-en-relevance-pearson": 0.1352592713373546,
    "woundcare-en-relevance-spearman": 0.14750894088409167,
    "woundcare-en-relevance-mean": 0.13804827682607237,
    "ALL-en-writing-style-kendalltau": 0.3154532199433851,
    "ALL-en-writing-style-pearson": 0.3889210268868051,
    "ALL-en-writing-style-spearman": 0.3711810162210468,
    "ALL-en-writing-style-mean": 0.3585184210170789,
    "iiyi-en-writing-style-kendalltau": 0.23204863234902257,
    "iiyi-en-writing-style-pearson": 0.3001127864224393,
    "iiyi-en-writing-style-spearman": 0.29125394684101763,
    "iiyi-en-writing-style-mean": 0.27447178853749316,
    "woundcare-en-writing-style-kendalltau": 0.07663789669926914,
    "woundcare-en-writing-style-pearson": 0.33026234035069435,
    "woundcare-en-writing-style-spearman": 0.08336397338105293,
    "woundcare-en-writing-style-mean": 0.16342140347700548,
    "ALL-en-overall-kendalltau": 0.2242030776704338,
    "ALL-en-overall-pearson": 0.3155885056667979,
    "ALL-en-overall-spearman": 0.28781605191221693,
    "ALL-en-overall-mean": 0.2758692117498162,
    "iiyi-en-overall-kendalltau": 0.22569007996575427,
    "iiyi-en-overall-pearson": 0.32363653295529093,
    "iiyi-en-overall-spearman": 0.29175266280026363,
    "iiyi-en-overall-mean": 0.2803597585737696,
    "woundcare-en-overall-kendalltau": 0.12623287668184754,
    "woundcare-en-overall-pearson": 0.17835666810523435,
    "woundcare-en-overall-spearman": 0.16612513224209527,
    "woundcare-en-overall-mean": 0.15690489234305904,
    "ALL-en-ALL-mean": 0.299260466204391,
    "ALL-zh-factual-consistency-wgold-kendalltau": 0.2055819173679178,
    "ALL-zh-factual-consistency-wgold-pearson": 0.25394519488044387,
    "ALL-zh-factual-consistency-wgold-spearman": 0.26864667971469236,
    "ALL-zh-factual-consistency-wgold-mean": 0.242724597321018,
    "iiyi-zh-factual-consistency-wgold-kendalltau": -0.03314482795252126,
    "iiyi-zh-factual-consistency-wgold-pearson": -0.05446017827356488,
    "iiyi-zh-factual-consistency-wgold-spearman": -0.04245661361445534,
    "iiyi-zh-factual-consistency-wgold-mean": -0.0433538732801805,
    "woundcare-zh-factual-consistency-wgold-kendalltau": 0.005341671277048621,
    "woundcare-zh-factual-consistency-wgold-pearson": 0.04790874986004834,
    "woundcare-zh-factual-consistency-wgold-spearman": 0.008635445235359498,
    "woundcare-zh-factual-consistency-wgold-mean": 0.02062862212415215,
    "ALL-zh-writing-style-kendalltau": 0.030833973610475976,
    "ALL-zh-writing-style-pearson": 0.02954194312964221,
    "ALL-zh-writing-style-spearman": 0.03189937651167391,
    "ALL-zh-writing-style-mean": 0.0307584310839307,
    "iiyi-zh-writing-style-kendalltau": -0.002659317896896389,
    "iiyi-zh-writing-style-pearson": 0.030897633587034273,
    "iiyi-zh-writing-style-spearman": -0.002896883877827392,
    "iiyi-zh-writing-style-mean": 0.00844714393743683,
    "woundcare-zh-writing-style-kendalltau": 0.11795552997085859,
    "woundcare-zh-writing-style-pearson": 0.07335085187967329,
    "woundcare-zh-writing-style-spearman": 0.1185803576964336,
    "woundcare-zh-writing-style-mean": 0.1032955798489885,
    "ALL-zh-ALL-mean": 0.13674151420247435
}